<?xml version="1.0" encoding="UTF-8" ?>
<!DOCTYPE configuration
        PUBLIC "-//mybatis.org//DTD Config 3.0//EN"
        "http://mybatis.org/dtd/mybatis-3-config.dtd">
<configuration>
    <!--起别名-->
    <typeAliases>
        <package name="com.itheima.pojo"/>
    </typeAliases>

    <environments default="development">
        <environment id="development">
            <transactionManager type="JDBC"/>
            <dataSource type="POOLED">
                <property name="driver" value="com.mysql.jdbc.Driver"/>
                <property name="url" value="jdbc:mysql://localhost:3306/db1?characterEncoding=utf-8&amp;serverTimezone=UTC"/>
                <property name="username" value="root"/>
                <property name="password" value="Wr20050305"/>
            </dataSource>
        </environment>
    </environments>
    <mappers>
        <!--扫描mapper-->
        <package name="com.itheima.mapper"/>
    </mappers>
</configuration>